{"val_accuracy":0.6398305084745762,"learning_rate":2.5e-05,"epoch":25,"_timestamp":1.7737489138901522e+09,"_wandb":{"runtime":277},"_runtime":277,"_step":25,"train_loss":0.1168761996223646}