{"_step":3,"train_loss":0.06675642360216723,"val_accuracy":0.9789029535864979,"learning_rate":2.5e-05,"_wandb":{"runtime":113},"_runtime":113,"epoch":22,"_timestamp":1.7777862504545891e+09}